{"cameraMode":{"drawMode":0,"name":"Shaded","section":"Shading Mode"},"sceneLighting":true,"audioPlay":false,"sceneViewState":{"showFog":true,"showMaterialUpdate":false,"showSkybox":true,"showFlares":true,"showImageEffects":true,"showParticleSystems":true},"in2DMode":false,"pivot":{"x":0.12926888465881349,"y":-5.819025993347168,"z":14.80750560760498},"rotation":{"x":-0.20578984916210175,"y":0.019667724147439004,"z":-0.004131863359361887,"w":-0.9784038662910461},"size":14.838540077209473,"orthographic":false}